Product,Opslagtijd
Kippenborst,2
Kippenborst,3
Kippenborst,4
Kippenborst,5
Kippenborst,3
Kippenborst,4
Kippenborst,5
Kippenborst,6
Kippenborst,4
Kippenborst,3
Kippenborst,5
Kippenborst,6
Rundvlees,1
Rundvlees,2
Rundvlees,2
Rundvlees,3
Rundvlees,4
Rundvlees,2
Rundvlees,3
Rundvlees,3
Rundvlees,4
Rundvlees,2
Rundvlees,3
Rundvlees,2
Varkensworstjes,1
Varkensworstjes,1
Varkensworstjes,2
Varkensworstjes,2
Varkensworstjes,3
Varkensworstjes,1
Varkensworstjes,1
Varkensworstjes,2
Varkensworstjes,2
Varkensworstjes,1
Varkensworstjes,2
Varkensworstjes,3
